sp.code,correct.sp.code,correct.sp.name,accepted_name,genus,kingdom,order,family,class,division,species
AULPAL,AULPAL,Aulacomnium palustre,Aulacomnium palustre,Aulacomnium,Plantae,Aulacomniales,Aulacomniaceae,Bryopsida,Bryophyta,palustre
BRASAL,BRASAL,Brachythecium salebrosum,Brachythecium salebrosum,Brachythecium,Plantae,Hypnales,Brachytheciaceae,Bryopsida,Bryophyta,salebrosum
BRYSPP,BRYSP,Bryoria sp.,Bryoria sp.,Bryoria,Fungi,Lecanorales,Parmeliaceae,Lecanoromycetes,Ascomycota,sp.
CERPUR,CERPUR,Ceratodon purpureus,Ceratodon purpureus,Ceratodon,Plantae,Dicranales,Ditrichaceae,Bryopsida,Bryophyta,purpureus
CETCUC,CETCUC,Cetraria cucullata,Cetraria cucullata,Cetraria,Fungi,Lecanorales,Parmeliaceae,Lecanoromycetes,Ascomycota,cucullata
CETERI,CETERI,Cetraria ericetorum,Cetraria ericetorum,Cetraria,Fungi,Lecanorales,Parmeliaceae,Lecanoromycetes,Ascomycota,ericetorum
CETHAL,CETHAL,Cetraria halei,Cetraria halei,Cetraria,Fungi,Lecanorales,Parmeliaceae,Lecanoromycetes,Ascomycota,halei
CETNIV,CETNIV,Cetraria nivalis,Cetraria nivalis,Cetraria,Fungi,Lecanorales,Parmeliaceae,Lecanoromycetes,Ascomycota,nivalis
CETPIN,CETPIN,Cetraria pinastri,Cetraria pinastri,Cetraria,Fungi,Lecanorales,Parmeliaceae,Lecanoromycetes,Ascomycota,pinastri
CLAMIT,CLAMIT,Cladonia mitis,Cladonia mitis,Cladonia,Fungi,Lecanorales,Cladoniaceae,Lecanoromycetes,Ascomycota,mitis
CLARAN,CLARAN,Cladonia rangiferina,Cladonia rangiferina,Cladonia,Fungi,Lecanorales,Cladoniaceae,Lecanoromycetes,Ascomycota,rangiferina
CLASTE,CLASTE,Cladonia stellaris,Cladonia stellaris,Cladonia,Fungi,Lecanorales,Cladoniaceae,Lecanoromycetes,Ascomycota,stellaris
CLAAMA,CLAAMA,Cladonia amaurocraea,Cladonia amaurocraea,Cladonia,Fungi,Lecanorales,Cladoniaceae,Lecanoromycetes,Ascomycota,amaurocraea
CLACAP,CLACAP,Cladonia capitata,Cladonia capitata,Cladonia,Fungi,Lecanorales,Cladoniaceae,Lecanoromycetes,Ascomycota,capitata
CLACAR,CLACAR,Cladonia cariosa,Cladonia cariosa,Cladonia,Fungi,Lecanorales,Cladoniaceae,Lecanoromycetes,Ascomycota,cariosa
CLACEN,CLACEN,Cladonia cenotea,Cladonia cenotea,Cladonia,Fungi,Lecanorales,Cladoniaceae,Lecanoromycetes,Ascomycota,cenotea
CLACHL,CLACHL,Cladonia chlorophaea,Cladonia chlorophaea,Cladonia,Fungi,Lecanorales,Cladoniaceae,Lecanoromycetes,Ascomycota,chlorophaea
CLACOC,CLACOC,Cladonia coccifera,Cladonia coccifera,Cladonia,Fungi,Lecanorales,Cladoniaceae,Lecanoromycetes,Ascomycota,coccifera
CLACON,CLACON,Cladonia coniocraea,Cladonia coniocraea,Cladonia,Fungi,Lecanorales,Cladoniaceae,Lecanoromycetes,Ascomycota,coniocraea
CLACOR,CLACOR,Cladonia cornuta,Cladonia cornuta,Cladonia,Fungi,Lecanorales,Cladoniaceae,Lecanoromycetes,Ascomycota,cornuta
CLACRP,CLACRP,Cladonia crispata,Cladonia crispata,Cladonia,Fungi,Lecanorales,Cladoniaceae,Lecanoromycetes,Ascomycota,crispata
CLACRT,CLACRT,Cladonia cristatella,Cladonia cristatella,Cladonia,Fungi,Lecanorales,Cladoniaceae,Lecanoromycetes,Ascomycota,cristatella
CLAGON,CLAGON,Cladonia gonecha,Cladonia gonecha,Cladonia,Fungi,Lecanorales,Cladoniaceae,Lecanoromycetes,Ascomycota,gonecha
CLAGRA,CLAGRA,Cladonia gracilis,Cladonia gracilis,Cladonia,Fungi,Lecanorales,Cladoniaceae,Lecanoromycetes,Ascomycota,gracilis
CLAMUL,CLAMUL,Cladonia multiformis,Cladonia multiformis,Cladonia,Fungi,Lecanorales,Cladoniaceae,Lecanoromycetes,Ascomycota,multiformis
CLAPHY,CLAPHY,Cladonia phyllophora,Cladonia phyllophora,Cladonia,Fungi,Lecanorales,Cladoniaceae,Lecanoromycetes,Ascomycota,phyllophora
CLAPYX,CLAPYX,Cladonia pyxidata,Cladonia pyxidata,Cladonia,Fungi,Lecanorales,Cladoniaceae,Lecanoromycetes,Ascomycota,pyxidata
CLASQU,CLASQU,Cladonia squamosa,Cladonia squamosa,Cladonia,Fungi,Lecanorales,Cladoniaceae,Lecanoromycetes,Ascomycota,squamosa
CLAUNC,CLAUNC,Cladonia uncialis,Cladonia uncialis,Cladonia,Fungi,Lecanorales,Cladoniaceae,Lecanoromycetes,Ascomycota,uncialis
CLAVER,CLAVER,Cladonia verticillata,Cladonia verticillata,Cladonia,Fungi,Lecanorales,Cladoniaceae,Lecanoromycetes,Ascomycota,verticillata
CLASUB,CLASUB,Cladonia subulata,Cladonia subulata,Cladonia,Fungi,Lecanorales,Cladoniaceae,Lecanoromycetes,Ascomycota,subulata
DICFUS,DICFUS,Dicranum fuscescens,Dicranum fuscescens,Dicranum,Plantae,Dicranales,Dicranaceae,Bryopsida,Bryophyta,fuscescens
DICPOL,DICPOL,Dicranum polysetum,Dicranum polysetum,Dicranum,Plantae,Dicranales,Dicranaceae,Bryopsida,Bryophyta,polysetum
DICSCO,DICSCO,Dicranum scoparium,Dicranum scoparium,Dicranum,Plantae,Dicranales,Dicranaceae,Bryopsida,Bryophyta,scoparium
DISCAP,DISCAP,Distichium capillaceum,Distichium capillaceum,Distichium,Plantae,Dicranales,Ditrichaceae,Bryopsida,Bryophyta,capillaceum
DITFLE,DITFLE,Ditrichum flexicaule,Ditrichum flexicaule,Ditrichum,Plantae,Dicranales,Ditrichaceae,Bryopsida,Bryophyta,flexicaule
DREUNC,DREUNC,Drepanocladus uncinatus,Drepanocladus uncinatus,Drepanocladus,Plantae,Hypnales,Amblystegiaceae,Bryopsida,Bryophyta,uncinatus
EURPUL,EURPUL,Eurhynchium pulchellum,Eurhynchium pulchellum,Eurhynchium,Plantae,Hypnales,Brachytheciaceae,Bryopsida,Bryophyta,pulchellum
EVEMES,EVEMES,Evernia mesomorpha,Evernia mesomorpha,Evernia,Fungi,Lecanorales,Parmeliaceae,Lecanoromycetes,Ascomycota,mesomorpha
HYLSPL,HYLSPL,Hylocomium splendens,Hylocomium splendens,Hylocomium,Plantae,Hypnales,Hylocomiaceae,Bryopsida,Bryophyta,splendens
HYPPHY,HYPPHY,Hypogymnia physodes,Hypogymnia physodes,Hypogymnia,Fungi,Lecanorales,Parmeliaceae,Lecanoromycetes,Ascomycota,physodes
LECGRA,LECGRA,Lecidea granulosa,Lecidea granulosa,Lecidea,Fungi,Lecideales,Lecideaceae,Lecanoromycetes,Ascomycota,granulosa
ORTFLA,DICFLA,Dicranum flagellare,Dicranum flagellare,Dicranum,Plantae,Dicranales,Dicranaceae,Bryopsida,Bryophyta,flagellare
PARELE,PARELE,Parmelia elegantula,Parmelia elegantula,Parmelia,Fungi,Lecanorales,Parmeliaceae,Lecanoromycetes,Ascomycota,elegantula
PARSUL,PARSUL,Parmelia sulcata,Parmelia sulcata,Parmelia,Fungi,Lecanorales,Parmeliaceae,Lecanoromycetes,Ascomycota,sulcata
PARAMB,PARAMB,Parmeliopsis ambigua,Parmeliopsis ambigua,Parmeliopsis,Fungi,Lecanorales,Parmeliaceae,Lecanoromycetes,Ascomycota,ambigua
PARHYP,PARHYP,Parmeliopsis hyperopta,Parmeliopsis hyperopta,Parmeliopsis,Fungi,Lecanorales,Parmeliaceae,Lecanoromycetes,Ascomycota,hyperopta
PELAPH,PELAPH,Peltigera aphthosa,Peltigera aphthosa,Peltigera,Fungi,Peltigerales,Peltigeraceae,Lecanoromycetes,Ascomycota,aphthosa
PELCAN,PELCAN,Peltigera canina,Peltigera canina,Peltigera,Fungi,Peltigerales,Peltigeraceae,Lecanoromycetes,Ascomycota,canina
PELMAL,PELMAL,Peltigera malacea,Peltigera malacea,Peltigera,Fungi,Peltigerales,Peltigeraceae,Lecanoromycetes,Ascomycota,malacea
PELPUL,PELPUL,Peltigera pulverulenta,Peltigera pulverulenta,Peltigera,Fungi,Peltigerales,Peltigeraceae,Lecanoromycetes,Ascomycota,pulverulenta
PELRUF,PELRUF,Peltigera rufescens,Peltigera rufescens,Peltigera,Fungi,Peltigerales,Peltigeraceae,Lecanoromycetes,Ascomycota,rufescens
PLAGLA,PLAGLA,Platismatia glauca,Platismatia glauca,Platismatia,Fungi,Lecanorales,Parmeliaceae,Lecanoromycetes,Ascomycota,glauca
PLESCH,PLESCH,Pleurozium schreberi,Pleurozium schreberi,Pleurozium,Plantae,Hypnales,Hylocomiaceae,Bryopsida,Bryophyta,schreberi
POHNUT,POHNUT,Pohlia nutans,Pohlia nutans,Pohlia,Plantae,Bryales,Mielichhoferiaceae,Bryopsida,Bryophyta,nutans
POLCOM,POLCOM,Polytrichum commune,Polytrichum commune,Polytrichum,Plantae,Polytrichales,Polytrichaceae,Polytrichopsida,Bryophyta,commune
POLJUN,POLJUN,Polytrichum juniperinum,Polytrichum juniperinum,Polytrichum,Plantae,Polytrichales,Polytrichaceae,Polytrichopsida,Bryophyta,juniperinum
POLPIL,POLPIL,Polytrichum piliferum,Polytrichum piliferum,Polytrichum,Plantae,Polytrichales,Polytrichaceae,Polytrichopsida,Bryophyta,piliferum
PTICIL,PTICIL,Ptilidium ciliare,Ptilidium ciliare,Ptilidium,Plantae,Ptilidiales,Ptilidiaceae,Jungermanniopsida,Marchantiophyta,ciliare
PTIPUL,PTIPUL,Ptilidium pulcherrimum,Ptilidium pulcherrimum,Ptilidium,Plantae,Ptilidiales,Ptilidiaceae,Jungermanniopsida,Marchantiophyta,pulcherrimum
PTICC,PTICC,Ptilium crista-castrensis,Ptilium crista-castrensis,Ptilium,Plantae,Hypnales,Hypnaceae,Bryopsida,Bryophyta,crista-castrensis
SPLSPP,SPLSP,Splachnum sp.,Splachnum sp.,Splachnum,Plantae,Splachnales,Splachnaceae,Bryopsida,Bryophyta,sp.
STEALP,STEALP,Stereocaulon alpinum,Stereocaulon alpinum,Stereocaulon,Fungi,Lecanorales,Stereocaulaceae,Lecanoromycetes,Ascomycota,alpinum
TETANG,TETANG,Tetraplodon angustatus,Tetraplodon angustatus,Tetraplodon,Plantae,Splachnales,Splachnaceae,Bryopsida,Bryophyta,angustatus
TOMNIT,TOMNIT,Tomentypnum nitens,Tomentypnum nitens,Tomentypnum,Plantae,Hypnales,Amblystegiaceae,Bryopsida,Bryophyta,nitens
USNSPP,USNSP,Usnea sp.,Usnea sp.,Usnea,Fungi,Lecanorales,Parmeliaceae,Lecanoromycetes,Ascomycota,sp.
