sp_name_1980,repaired_name_1980,accepted_name,species,code,notes,unified_code,kingdom,division,class,order,family,genus
Amblystegium juratzkanum,Amblystegium juratzkanum,Amblystegium serpens,serpens,AMBJUR,NA,AMBSER,Plantae,Bryophyta,Bryopsida,Hypnales,Amblystegiaceae,Amblystegium
Aulacomnium palustre,Aulacomnium palustre,Aulacomnium palustre,palustre,AULPAL,NA,AULPAL,Plantae,Bryophyta,Bryopsida,Aulacomniales,Aulacomniaceae,Aulacomnium
Bacidia sphaeroides,Bacidia sphaeroides,Biatora sphaeroides,sphaeroides,BACSPH,NA,BACSPH,Fungi,Ascomycota,Lecanoromycetes,Lecanorales,Ramalinaceae,Biatora
Brachythecium pseudotriquetrum,Brachythecium,Bryum pseudotriquetrum,pseudotriquetrum,BRAPSE,NA,BRYPSE,Plantae,Bryophyta,Bryopsida,Hypnales,Brachytheciaceae,Brachythecium
Brachythecium salebrosum,Brachythecium salebrosum,Brachythecium salebrosum,salebrosum,BRASAL,NA,BRASAL,Plantae,Bryophyta,Bryopsida,Hypnales,Brachytheciaceae,Brachythecium
Bryum pseudotriquetum,Bryum pseudotriquetrum,Bryum pseudotriquetrum,pseudotriquetrum,BRYPSE,NA,BRYPSE,Plantae,Bryophyta,Bryopsida,Bryales,Bryaceae,Bryum
Campylium stellatum,Campylium stellatum,Campylium stellatum,stellatum,CAMSTE,NA,CAMSTE,Plantae,Bryophyta,Bryopsida,Hypnales,Amblystegiaceae,Campylium
Cephalozia lunifolia,Cephalozia lunulifolia,Cephalozia lunulifolia,lunulifolia,CEPLUN,NA,CEPLUN,Plantae,Marchantiophyta,Jungermanniopsida,Jungermanniales,Cephaloziaceae,Cephalozia
Ceratodon purpureus,Ceratodon purpureus,Ceratodon purpureus,purpureus,CERPUR,NA,CERPUR,Plantae,Bryophyta,Bryopsida,Dicranales,Ditrichaceae,Ceratodon
Cetraria ericetorum,Cetraria ericetorum,Cetraria ericetorum,ericetorum,CETERI,NA,CETERI,Fungi,Ascomycota,Lecanoromycetes,Lecanorales,Parmeliaceae,Cetraria
Cetraria nivalis,Cetraria nivalis,Cetraria nivalis,nivalis,CETNIV,NA,CETNIV,Fungi,Ascomycota,Lecanoromycetes,Lecanorales,Parmeliaceae,Cetraria
Cladonia,Cladonia,Cladonia,NA,CLASP,NA,CLASP,Fungi,Ascomycota,Lecanoromycetes,Lecanorales,Cladoniaceae,Cladonia
Cladonia,Cladonia,Cladonia,NA,CLASPP,NA,CLASP,Fungi,Ascomycota,Lecanoromycetes,Lecanorales,Cladoniaceae,Cladonia
Cladonia cenotea,Cladonia cenotea,Cladonia cenotea,cenotea,CLACEN,NA,CLACEN,Fungi,Ascomycota,Lecanoromycetes,Lecanorales,Cladoniaceae,Cladonia
Cladonia chlorophaea,Cladonia chlorophaea,Cladonia chlorophaea,chlorophaea,CLACHL,NA,CLACHL,Fungi,Ascomycota,Lecanoromycetes,Lecanorales,Cladoniaceae,Cladonia
Cladonia coccifara,Cladonia coccifera,Cladonia coccifera,coccifera,CLACOC,NA,CLACOC,Fungi,Ascomycota,Lecanoromycetes,Lecanorales,Cladoniaceae,Cladonia
Cladonia coniocraea,Cladonia coniocraea,Cladonia coniocraea,coniocraea,CLACON,NA,CLACON,Fungi,Ascomycota,Lecanoromycetes,Lecanorales,Cladoniaceae,Cladonia
Cladonia cornuta,Cladonia cornuta,Cladonia cornuta,cornuta,CLACOR,NA,CLACOR,Fungi,Ascomycota,Lecanoromycetes,Lecanorales,Cladoniaceae,Cladonia
Cladonia crispata,Cladonia crispata,Cladonia crispata,crispata,CLACRP,NA,CLACRP,Fungi,Ascomycota,Lecanoromycetes,Lecanorales,Cladoniaceae,Cladonia
Cladonia cristatella,Cladonia cristatella,Cladonia cristatella,cristatella,CLACRI,Mis-spelled? Makes the most sense… the T could have been easily misread as I,CLACRT,Fungi,Ascomycota,Lecanoromycetes,Lecanorales,Cladoniaceae,Cladonia
Cladonia cristatella,Cladonia cristatella,Cladonia cristatella,cristatella,CLACRT,NA,CLACRT,Fungi,Ascomycota,Lecanoromycetes,Lecanorales,Cladoniaceae,Cladonia
Cladonia fimbriata,Cladonia fimbriata,Cladonia fimbriata,fimbriata,CLAFIM,NA,CLAFIM,Fungi,Ascomycota,Lecanoromycetes,Lecanorales,Cladoniaceae,Cladonia
Cladonia furcata,Cladonia furcata,Cladonia furcata,furcata,CLAFUR,NA,CLAFUR,Fungi,Ascomycota,Lecanoromycetes,Lecanorales,Cladoniaceae,Cladonia
Cladonia gracilis,Cladonia gracilis,Cladonia gracilis,gracilis,CLAGRA,NA,CLAGRA,Fungi,Ascomycota,Lecanoromycetes,Lecanorales,Cladoniaceae,Cladonia
Cladina mitis,Cladina mitis,Cladonia mitis,mitis,CLAMIT,NA,CLAMIT,Fungi,Ascomycota,Lecanoromycetes,Lecanorales,Cladoniaceae,Cladonia
Cladonia multiformis,Cladonia multiformis,Cladonia multiformis,multiformis,CLAMUL,NA,CLAMUL,Fungi,Ascomycota,Lecanoromycetes,Lecanorales,Cladoniaceae,Cladonia
Cladonia capitata,Cladonia capitata,Cladonia peziziformis,peziziformis,CLACAP,NA,CLACAP,Fungi,Ascomycota,Lecanoromycetes,Lecanorales,Cladoniaceae,Cladonia
Cladonia phyllophora,Cladonia phyllophora,Cladonia phyllophora,phyllophora,CLAPHY,NA,CLAPHY,Fungi,Ascomycota,Lecanoromycetes,Lecanorales,Cladoniaceae,Cladonia
Cladonia pyxidata,Cladonia pyxidata,Cladonia pyxidata,pyxidata,CLAPYX,NA,CLAPYX,Fungi,Ascomycota,Lecanoromycetes,Lecanorales,Cladoniaceae,Cladonia
Cladina rangiferina,Cladina rangiferina,Cladonia rangiferina,rangiferina,CLARAN,NA,CLARAN,Fungi,Ascomycota,Lecanoromycetes,Lecanorales,Cladoniaceae,Cladonia
Cladonia scabriusculata,Cladonia scabriuscula,Cladonia scabriuscula,scabriuscula,CLASEA,Misspelling?,CLASCA,Fungi,Ascomycota,Lecanoromycetes,Lecanorales,Cladoniaceae,Cladonia
Cladina stellaris,Cladina stellaris,Cladonia stellaris,stellaris,CLASTE,NA,CLASTE,Fungi,Ascomycota,Lecanoromycetes,Lecanorales,Cladoniaceae,Cladonia
Cladonia subulata,Cladonia subulata,Cladonia subulata,subulata,CLASUB,NA,CLASUB,Fungi,Ascomycota,Lecanoromycetes,Lecanorales,Cladoniaceae,Cladonia
Cladonia gonecha,Cladonia gonecha,Cladonia sulphurina,sulphurina,CLAGON,NA,CLAGON,Fungi,Ascomycota,Lecanoromycetes,Lecanorales,Cladoniaceae,Cladonia
Cladonia unciais,Cladonia uncialis,Cladonia uncialis,uncialis,CLAUNC,NA,CLAUNC,Fungi,Ascomycota,Lecanoromycetes,Lecanorales,Cladoniaceae,Cladonia
Cladonia verticillata,Cladonia verticillata,Cladonia verticillata,verticillata,CLAVER,NA,CLAVER,Fungi,Ascomycota,Lecanoromycetes,Lecanorales,Cladoniaceae,Cladonia
Dicranum,Dicranum,Dicranum,NA,DICSP,NA,DICSP,Plantae,Bryophyta,Bryopsida,Dicranales,Dicranaceae,Dicranum
Orthodicranum,Orthodicranum,Dicranum,NA,ORTH,NA,DICSP,Plantae,Bryophyta,Bryopsida,Dicranales,Dicranaceae,Dicranum
Orthodicranum flagillare,Orthodicranum flagellare,Dicranum flagellare,flagellare,ORTFLA,NA,DICFLA,Plantae,Bryophyta,Bryopsida,Dicranales,Dicranaceae,Dicranum
Dicranum fuscescens,Dicranum fuscescens,Dicranum fuscescens,fuscescens,DICFUS,NA,DICFUS,Plantae,Bryophyta,Bryopsida,Dicranales,Dicranaceae,Dicranum
Dicranum polysetum,Dicranum polysetum,Dicranum polysetum,polysetum,DICPOL,NA,DICPOL,Plantae,Bryophyta,Bryopsida,Dicranales,Dicranaceae,Dicranum
Dicranum scoperium,Dicranum scoparium,Dicranum scoparium,scoparium,DICSCO,NA,DICSCO,Plantae,Bryophyta,Bryopsida,Dicranales,Dicranaceae,Dicranum
Dicranum undulatum,Dicranum undulatum,Dicranum undulatum,undulatum,DICUND,NA,DICUND,Plantae,Bryophyta,Bryopsida,Dicranales,Dicranaceae,Dicranum
Drepanocladus uncinatus,Drepanocladus uncinatus,Drepanocladus uncinatus,uncinatus,DREUNC,NA,DREUNC,Plantae,Bryophyta,Bryopsida,Hypnales,Amblystegiaceae,Drepanocladus
Helodium blandowii,Helodium blandowii,Elodium blandowii,blandowii,HELBLA,NA,ELOBLA,Plantae,Bryophyta,Bryopsida,Hypnales,Helodiaceae,Elodium
Eurhynchium,Eurhynchium,Eurhynchium,NA,EURSP,NA,EURSP,Plantae,Bryophyta,Bryopsida,Hypnales,Brachytheciaceae,Eurhynchium
Eurhynchium pulchellum,Eurhynchium pulchellum,Eurhynchium pulchellum,pulchellum,EURPUI,Mis-spelled?,EURPUL,Plantae,Bryophyta,Bryopsida,Hypnales,Brachytheciaceae,Eurhynchium
Eurhynchium pulchellum,Eurhynchium pulchellum,Eurhynchium pulchellum,pulchellum,EURPUL,NA,EURPUL,Plantae,Bryophyta,Bryopsida,Hypnales,Brachytheciaceae,Eurhynchium
Hylocomium splendens,Hylocomium splendens,Hylocomium splendens,splendens,HYLSPL,NA,HYLSPL,Plantae,Bryophyta,Bryopsida,Hypnales,Hylocomiaceae,Hylocomium
Icmadophila ericetorum,Icmadophila ericetorum,Icmadophila ericetorum,ericetorum,ICMERI,NA,ICMERI,Fungi,Ascomycota,Lecanoromycetes,Pertusariales,Icmadophilaceae,Icmadophila
Icmadophila ericetorum,Icmadophila ericetorum,Icmadophila ericetorum,ericetorum,IMAERI,NA,ICMERI,Fungi,Ascomycota,Lecanoromycetes,Pertusariales,Icmadophilaceae,Icmadophila
Leptogium saturninum,Leptogium saturninum,Leptogium saturninum,saturninum,LEPSAT,NA,LEPSAT,Fungi,Ascomycota,Lecanoromycetes,Peltigerales,Collemataceae,Leptogium
Marchantiophyta,Marchantiophyta,Marchantiophyta,NA,HEP002,Originally 'hepatic species',MARSP2,Plantae,Marchantiophyta,NA,NA,NA,Marchantiophyta
Marchantiophyta,Marchantiophyta,Marchantiophyta,NA,HEP003,Originally 'hepatic species',MARSP3,Plantae,Marchantiophyta,NA,NA,NA,Marchantiophyta
Marchantiophyta,Marchantiophyta,Marchantiophyta,NA,HEPSP,Originally 'hepatic species',MARSP1,Plantae,Marchantiophyta,NA,NA,NA,Marchantiophyta
Mnium,Mnium,Mnium,NA,MNISP,NA,MNISP,Plantae,Bryophyta,Bryopsida,Bryales,Mniaceae,Mnium
Mnium cuspidatum,Mnium cuspidatum,Mnium cuspidatum,cuspidatum,MNICUS,NA,MNICUS,Plantae,Bryophyta,Bryopsida,Bryales,Mniaceae,Mnium
Orthotrichum speciosum,Orthotrichum speciosum,Orthotrichum speciosum,speciosum,ORTSPE,NA,ORTSPE,Plantae,Bryophyta,Bryopsida,Orthotrichales,Orthotrichaceae,Orthotrichum
Parmelia sulcata,Parmelia sulcata,Parmelia sulcata,sulcata,PARSUL,NA,PARSUL,Fungi,Ascomycota,Lecanoromycetes,Lecanorales,Parmeliaceae,Parmelia
Peltigera,Peltigera,Peltigera,NA,PELSP,NA,PELSP,Fungi,Ascomycota,Lecanoromycetes,Peltigerales,Peltigeraceae,Peltigera
Peltigera aphthosa,Peltigera aphthosa,Peltigera aphthosa,aphthosa,PELAPH,NA,PELAPH,Fungi,Ascomycota,Lecanoromycetes,Peltigerales,Peltigeraceae,Peltigera
Peltigera canina,Peltigera canina,Peltigera canina,canina,PELCAN,NA,PELCAN,Fungi,Ascomycota,Lecanoromycetes,Peltigerales,Peltigeraceae,Peltigera
Peltigera horizontalis,Peltigera horizontalis,Peltigera horizontalis,horizontalis,PELHOR,NA,PELHOR,Fungi,Ascomycota,Lecanoromycetes,Peltigerales,Peltigeraceae,Peltigera
Peltigera malacea,Peltigera malacea,Peltigera malacea,malacea,PELMAL,NA,PELMAL,Fungi,Ascomycota,Lecanoromycetes,Peltigerales,Peltigeraceae,Peltigera
Peltigera polydactylon,Peltigera polydactylon,Peltigera polydactylon,polydactylon,PELPOL,NA,PELPOL,Fungi,Ascomycota,Lecanoromycetes,Peltigerales,Peltigeraceae,Peltigera
Peltigera pulverulenta,Peltigera pulverulenta,Peltigera pulverulenta,pulverulenta,PELPUL,NA,PELPUL,Fungi,Ascomycota,Lecanoromycetes,Peltigerales,Peltigeraceae,Peltigera
Peltigera rufescens,Peltigera rufescens,Peltigera rufescens,rufescens,PELRUF,NA,PELRUF,Fungi,Ascomycota,Lecanoromycetes,Peltigerales,Peltigeraceae,Peltigera
Plagiomnium cuspidatum,Plagiomnium cuspidatum,Plagiomnium cuspidatum,cuspidatum,PLACUS,NA,PLACUS,Plantae,Bryophyta,Bryopsida,Bryales,Mniaceae,Plagiomnium
Platismatia glauca,Platismatia glauca,Platismatia glauca,glauca,PLAGLA,NA,PLAGLA,Fungi,Ascomycota,Lecanoromycetes,Lecanorales,Parmeliaceae,Platismatia
Pleurozium schreberi,Pleurozium schreberi,Pleurozium schreberi,schreberi,PLESCH,NA,PLESCH,Plantae,Bryophyta,Bryopsida,Hypnales,Hylocomiaceae,Pleurozium
Pohlia nutans,Pohlia nutans,Pohlia nutans,nutans,POHNUT,NA,POHNUT,Plantae,Bryophyta,Bryopsida,Bryales,Mielichhoferiaceae,Pohlia
Polytrichum juniperinum,Polytrichum juniperinum,Polytrichum juniperinum,juniperinum,POLJUN,NA,POLJUN,Plantae,Bryophyta,Polytrichopsida,Polytrichales,Polytrichaceae,Polytrichum
Polytrichum piliferum,Polytrichum piliferum,Polytrichum piliferum,piliferum,POLPIL,NA,POLPIL,Plantae,Bryophyta,Polytrichopsida,Polytrichales,Polytrichaceae,Polytrichum
Polytrichum strictum,Polytrichum strictum,Polytrichum strictum,strictum,POLSTR,NA,POLSTR,Plantae,Bryophyta,Polytrichopsida,Polytrichales,Polytrichaceae,Polytrichum
Ptilidium,Ptilidium,Ptilidium,NA,PTISP,NA,PTISP,Plantae,Marchantiophyta,Jungermanniopsida,Ptilidiales,Ptilidiaceae,Ptilidium
Ptilidium ciliare,Ptilidium ciliare,Ptilidium ciliare,ciliare,PTICIL,NA,PTICIL,Plantae,Marchantiophyta,Jungermanniopsida,Ptilidiales,Ptilidiaceae,Ptilidium
Ptilidium crista-castrensis,Ptilidium crista-castrensis,Ptilidium crista-castrensis,crista-castrensis,PTICC,NA,PTICC,Plantae,Marchantiophyta,Jungermanniopsida,Ptilidiales,Ptilidiaceae,Ptilidium
Ptilidium pulcherrimum,Ptilidium pulcherrimum,Ptilidium pulcherrimum,pulcherrimum,PITPUL,Mis-spelled?,PTIPUL,Plantae,Marchantiophyta,Jungermanniopsida,Ptilidiales,Ptilidiaceae,Ptilidium
Ptilidium pulcherrimum,Ptilidium pulcherrimum,Ptilidium pulcherrimum,pulcherrimum,PTIPUL,NA,PTIPUL,Plantae,Marchantiophyta,Jungermanniopsida,Ptilidiales,Ptilidiaceae,Ptilidium
Pylaisiella polyantha,Pylaisiella polyantha,Pylaisia polyantha,polyantha,PYLPOL,NA,PYLPOL,Plantae,Bryophyta,Bryopsida,Hypnales,Pylaisiaceae,Pylaisia
Rhytidiadelphus triquetrus,Rhytidiadelphus triquetrus,Rhytidiadelphus triquetrus,triquetrus,RHYTRI,NA,RHYTRI,Plantae,Bryophyta,Bryopsida,Hypnales,Hylocomiaceae,Rhytidiadelphus
Drepanocladus revolvens,Drepanocladus revolvens,Scorpidium revolvens,revolvens,DREREV,NA,SCOREV,Plantae,Bryophyta,Bryopsida,Hypnales,Calliergonaceae,Scorpidium
Sphagnum angustifolium,Sphagnum angustifolium,Sphagnum angustifolium,angustifolium,SPHANG,NA,SPHANG,Plantae,Bryophyta,Sphagnopsida,Sphagnales,Sphagnaceae,Sphagnum
Sphagnum fuscum,Sphagnum fuscum,Sphagnum fuscum,fuscum,SPHFUS,NA,SPHFUS,Plantae,Bryophyta,Sphagnopsida,Sphagnales,Sphagnaceae,Sphagnum
Sphagnum nemoreum,Sphagnum nemoreum,Sphagnum nemoreum,nemoreum,SPHMEM,Mis-spelled?,SPHNEM,Plantae,Bryophyta,Sphagnopsida,Sphagnales,Sphagnaceae,Sphagnum
Sphagnum nemoreum,Sphagnum nemoreum,Sphagnum nemoreum,nemoreum,SPHNEM,NA,SPHNEM,Plantae,Bryophyta,Sphagnopsida,Sphagnales,Sphagnaceae,Sphagnum
Sphagnum russowii,Sphagnum russowii,Sphagnum russowii,russowii,SPHRUS,NA,SPHRUS,Plantae,Bryophyta,Sphagnopsida,Sphagnales,Sphagnaceae,Sphagnum
Sphagnum warnstorfii,Sphagnum warnstorfii,Sphagnum warnstorfii,warnstorfii,SPHWAR,NA,SPHWAR,Plantae,Bryophyta,Sphagnopsida,Sphagnales,Sphagnaceae,Sphagnum
Stereocaulon alpinum,Stereocaulon alpinum,Stereocaulon alpinum,alpinum,STEALP,NA,STEALP,Fungi,Ascomycota,Lecanoromycetes,Lecanorales,Stereocaulaceae,Stereocaulon
Thuidium recognitum,Thuidium recognitum,Thuidium recognitum,recognitum,THUREC,NA,THUREC,Plantae,Bryophyta,Bryopsida,Hypnales,Thuidiaceae,Thuidium
Tomentypnum falcifolium,Tomentypnum falcifolium,Tomentypnum falcifolium,falcifolium,TOMFAL,NA,TOMFAL,Plantae,Bryophyta,Bryopsida,Hypnales,Amblystegiaceae,Tomentypnum
Tomentypnum nitens,Tomentypnum nitens,Tomentypnum nitens,nitens,TOMNIT,NA,TOMNIT,Plantae,Bryophyta,Bryopsida,Hypnales,Amblystegiaceae,Tomentypnum
Cetraria pinastri,Cetraria pinastri,Vulpicida pinastri,pinastri,CETPIN,NA,VULPIN,Fungi,Ascomycota,Lecanoromycetes,Lecanorales,Parmeliaceae,Vulpicida